{"cameraMode":{"drawMode":0,"name":"Shaded","section":"Shading Mode"},"sceneLighting":false,"audioPlay":false,"sceneViewState":{"showFog":true,"showMaterialUpdate":true,"showSkybox":true,"showFlares":true,"showImageEffects":true,"showParticleSystems":true},"in2DMode":false,"pivot":{"x":1.5163767337799073,"y":1.6060454845428467,"z":1.3552446365356446},"rotation":{"x":0.0180334635078907,"y":0.980431079864502,"z":-0.10809573531150818,"w":0.16355834901332856},"size":16.803621292114259,"orthographic":false}