{"cameraMode":{"drawMode":0,"name":"Shaded","section":"Shading Mode"},"sceneLighting":false,"audioPlay":false,"sceneViewState":{"showFog":true,"showMaterialUpdate":true,"showSkybox":true,"showFlares":true,"showImageEffects":true,"showParticleSystems":true},"in2DMode":false,"pivot":{"x":9.383649826049805,"y":2.7641756534576418,"z":84.11014556884766},"rotation":{"x":0.24986493587493897,"y":0.09566789865493775,"z":-0.02481631189584732,"w":0.9632270336151123},"size":5.192564964294434,"orthographic":false}